{"cameraMode":{"drawMode":0,"name":"Shaded","section":"Shading Mode"},"sceneLighting":false,"audioPlay":false,"sceneViewState":{"showFog":true,"showMaterialUpdate":false,"showSkybox":true,"showFlares":true,"showImageEffects":true,"showParticleSystems":true},"in2DMode":false,"pivot":{"x":-1.7924854755401612,"y":0.8935976028442383,"z":-0.1796128749847412},"rotation":{"x":0.055932607501745227,"y":-0.771260142326355,"z":0.06843552738428116,"w":0.6303538084030151},"size":3.600297689437866,"orthographic":false}