{"cameraMode":{"drawMode":0,"name":"Shaded","section":"Shading Mode"},"sceneLighting":false,"audioPlay":false,"sceneViewState":{"showFog":true,"showMaterialUpdate":false,"showSkybox":true,"showFlares":true,"showImageEffects":true,"showParticleSystems":true},"in2DMode":false,"pivot":{"x":0.07796287536621094,"y":1.1323776245117188,"z":-2.5018012523651125},"rotation":{"x":-0.5540545582771301,"y":0.06849793344736099,"z":-0.045813608914613727,"w":-0.8283916115760803},"size":17.067302703857423,"orthographic":false}