{"cameraMode":{"drawMode":0,"name":"Shaded","section":"Shading Mode"},"sceneLighting":false,"audioPlay":false,"sceneViewState":{"showFog":true,"showMaterialUpdate":false,"showSkybox":true,"showFlares":true,"showImageEffects":true,"showParticleSystems":true},"in2DMode":false,"pivot":{"x":0.000011444091796875,"y":-4.762350082397461,"z":-0.0000171661376953125},"rotation":{"x":-0.0017412976594641805,"y":0.9782464504241943,"z":-0.008215527050197125,"w":-0.2072761505842209},"size":109.7759780883789,"orthographic":false}