{"cameraMode":{"drawMode":0,"name":"Shaded","section":"Shading Mode"},"sceneLighting":false,"audioPlay":false,"sceneViewState":{"showFog":true,"showMaterialUpdate":false,"showSkybox":true,"showFlares":true,"showImageEffects":true,"showParticleSystems":true},"in2DMode":false,"pivot":{"x":357.62530517578127,"y":164.5605926513672,"z":-22.145111083984376},"rotation":{"x":7.107120723048865e-7,"y":-0.0000017113926560341498,"z":-1.5491448834836775e-7,"w":1.0},"size":413.57391357421877,"orthographic":false}