{"cameraMode":{"drawMode":0,"name":"Shaded","section":"Shading Mode"},"sceneLighting":false,"audioPlay":false,"sceneViewState":{"showFog":true,"showMaterialUpdate":false,"showSkybox":true,"showFlares":true,"showImageEffects":true,"showParticleSystems":true},"in2DMode":false,"pivot":{"x":3.055248975753784,"y":1.4211304187774659,"z":-14.741395950317383},"rotation":{"x":-0.015295439399778843,"y":0.44701647758483889,"z":0.007645025383681059,"w":0.8943623304367065},"size":3.1946768760681154,"orthographic":false}