{"cameraMode":{"drawMode":0,"name":"Shaded","section":"Shading Mode"},"sceneLighting":false,"audioPlay":false,"sceneViewState":{"showFog":true,"showMaterialUpdate":false,"showSkybox":true,"showFlares":true,"showImageEffects":true,"showParticleSystems":true},"in2DMode":false,"pivot":{"x":4.0343241691589359,"y":2.9787826538085939,"z":-3.948399066925049},"rotation":{"x":0.4028596580028534,"y":-0.03156500682234764,"z":0.013904339633882046,"w":0.9146116375923157},"size":12.707145690917969,"orthographic":false}