{"cameraMode":{"drawMode":0,"name":"Shaded","section":"Shading Mode"},"sceneLighting":false,"audioPlay":false,"sceneViewState":{"showFog":true,"showMaterialUpdate":false,"showSkybox":true,"showFlares":true,"showImageEffects":true,"showParticleSystems":true},"in2DMode":false,"pivot":{"x":-6.230121612548828,"y":-0.2977779805660248,"z":94.1106185913086},"rotation":{"x":-0.03899097815155983,"y":0.0029979688115417959,"z":-0.00011698186426656321,"w":-0.9992350935935974},"size":7.955309867858887,"orthographic":false}