{"cameraMode":{"drawMode":0,"name":"Shaded","section":"Shading Mode"},"sceneLighting":false,"audioPlay":false,"sceneViewState":{"showFog":true,"showMaterialUpdate":false,"showSkybox":true,"showFlares":true,"showImageEffects":true,"showParticleSystems":true},"in2DMode":false,"pivot":{"x":0.14765620231628419,"y":0.4331933557987213,"z":0.012767314910888672},"rotation":{"x":0.10626697540283203,"y":0.45713695883750918,"z":-0.05512131750583649,"w":0.8813028931617737},"size":1.2494745254516602,"orthographic":false}