{"cameraMode":{"drawMode":0,"name":"Shaded","section":"Shading Mode"},"sceneLighting":false,"audioPlay":false,"sceneViewState":{"showFog":true,"showMaterialUpdate":false,"showSkybox":true,"showFlares":true,"showImageEffects":true,"showParticleSystems":true},"in2DMode":false,"pivot":{"x":-0.11854664981365204,"y":0.6545122861862183,"z":-0.16375960409641267},"rotation":{"x":0.3623012602329254,"y":-0.05447880178689957,"z":0.02121906913816929,"w":0.9302256107330322},"size":2.235208034515381,"orthographic":false}