{"cameraMode":{"drawMode":0,"name":"Shaded","section":"Shading Mode"},"sceneLighting":false,"audioPlay":false,"sceneViewState":{"showFog":true,"showMaterialUpdate":false,"showSkybox":true,"showFlares":true,"showImageEffects":true,"showParticleSystems":true},"in2DMode":false,"pivot":{"x":10.350044250488282,"y":7.063900947570801,"z":0.3555717468261719},"rotation":{"x":0.0008431946625933051,"y":0.990058183670044,"z":-0.14053073525428773,"w":0.0059404210187494759},"size":23.425519943237306,"orthographic":false}