{"cameraMode":{"drawMode":0,"name":"Shaded","section":"Shading Mode"},"sceneLighting":false,"audioPlay":false,"sceneViewState":{"showFog":true,"showMaterialUpdate":false,"showSkybox":true,"showFlares":true,"showImageEffects":true,"showParticleSystems":true},"in2DMode":false,"pivot":{"x":-0.16368134319782258,"y":0.2509285807609558,"z":-0.5101897716522217},"rotation":{"x":0.2333725392818451,"y":0.1351325809955597,"z":-0.032768215984106067,"w":0.9623942971229553},"size":3.137263536453247,"orthographic":false}