{"cameraMode":{"drawMode":0,"name":"Shaded","section":"Shading Mode"},"sceneLighting":false,"audioPlay":false,"sceneViewState":{"showFog":true,"showMaterialUpdate":false,"showSkybox":true,"showFlares":true,"showImageEffects":true,"showParticleSystems":true},"in2DMode":false,"pivot":{"x":-4.227484703063965,"y":1.926751732826233,"z":-6.087524890899658},"rotation":{"x":0.11077536642551422,"y":0.20274615287780763,"z":-0.023090289905667306,"w":0.9726714491844177},"size":7.425000190734863,"orthographic":false}