{"cameraMode":{"drawMode":0,"name":"Shaded","section":"Shading Mode"},"sceneLighting":false,"audioPlay":false,"sceneViewState":{"showFog":true,"showMaterialUpdate":false,"showSkybox":true,"showFlares":true,"showImageEffects":true,"showParticleSystems":true},"in2DMode":false,"pivot":{"x":-4.31228494644165,"y":1.2911378145217896,"z":0.06549988687038422},"rotation":{"x":-0.025189626961946489,"y":-0.7138156294822693,"z":-0.025708798319101335,"w":0.699408233165741},"size":7.318241119384766,"orthographic":false}