{"cameraMode":{"drawMode":0,"name":"Shaded","section":"Shading Mode"},"sceneLighting":false,"audioPlay":false,"sceneViewState":{"showFog":true,"showMaterialUpdate":false,"showSkybox":true,"showFlares":true,"showImageEffects":true,"showParticleSystems":true},"in2DMode":false,"pivot":{"x":1.5771117210388184,"y":1.674710750579834,"z":-2.1355204582214357},"rotation":{"x":-0.02413501776754856,"y":-0.9460515975952148,"z":0.07251468300819397,"w":-0.3148738741874695},"size":5.0918731689453129,"orthographic":false}