{"cameraMode":{"drawMode":0,"name":"Shaded","section":"Shading Mode"},"sceneLighting":false,"audioPlay":false,"sceneViewState":{"showFog":true,"showMaterialUpdate":false,"showSkybox":true,"showFlares":true,"showImageEffects":true,"showParticleSystems":true},"in2DMode":false,"pivot":{"x":11.873492240905762,"y":-3.576347827911377,"z":-10.076582908630371},"rotation":{"x":-0.5540545582771301,"y":0.06849793344736099,"z":-0.045813608914613727,"w":-0.8283916115760803},"size":15.913975715637207,"orthographic":false}