{"cameraMode":{"drawMode":0,"name":"Shaded","section":"Shading Mode"},"sceneLighting":false,"audioPlay":false,"sceneViewState":{"showFog":true,"showMaterialUpdate":false,"showSkybox":true,"showFlares":true,"showImageEffects":true,"showParticleSystems":true},"in2DMode":false,"pivot":{"x":339.2078857421875,"y":384.3612060546875,"z":48.2940673828125},"rotation":{"x":-0.15832501649856568,"y":0.008886593393981457,"z":-0.001424960675649345,"w":-0.9873460531234741},"size":759.5681762695313,"orthographic":false}