{"cameraMode":{"drawMode":0,"name":"Shaded","section":"Shading Mode"},"sceneLighting":false,"audioPlay":false,"sceneViewState":{"showFog":true,"showMaterialUpdate":false,"showSkybox":true,"showFlares":true,"showImageEffects":true,"showParticleSystems":true},"in2DMode":false,"pivot":{"x":294.3748779296875,"y":210.8042755126953,"z":8.466888427734375},"rotation":{"x":-0.017998244613409044,"y":-0.0030012275092303755,"z":-0.00005418172440840863,"w":0.9998335242271423},"size":469.0326232910156,"orthographic":false}