{"cameraMode":{"drawMode":0,"name":"Shaded","section":"Shading Mode"},"sceneLighting":false,"audioPlay":false,"sceneViewState":{"showFog":true,"showMaterialUpdate":false,"showSkybox":true,"showFlares":true,"showImageEffects":true,"showParticleSystems":true},"in2DMode":false,"pivot":{"x":0.0,"y":-1.3166450262069703,"z":0.04860001802444458},"rotation":{"x":0.0870579183101654,"y":0.12814724445343018,"z":-0.011292576789855957,"w":0.9878621697425842},"size":2.269031524658203,"orthographic":false}