{"cameraMode":{"drawMode":0,"name":"Shaded","section":"Shading Mode"},"sceneLighting":false,"audioPlay":false,"sceneViewState":{"showFog":true,"showMaterialUpdate":false,"showSkybox":true,"showFlares":true,"showImageEffects":true,"showParticleSystems":true},"in2DMode":false,"pivot":{"x":0.19957435131072999,"y":7.645294666290283,"z":-22.781946182250978},"rotation":{"x":0.0068556624464690689,"y":0.978761613368988,"z":-0.03319104388356209,"w":0.20218072831630708},"size":71.04277038574219,"orthographic":false}