{"cameraMode":{"drawMode":0,"name":"Shaded","section":"Shading Mode"},"sceneLighting":false,"audioPlay":false,"sceneViewState":{"showFog":true,"showMaterialUpdate":false,"showSkybox":true,"showFlares":true,"showImageEffects":true,"showParticleSystems":true},"in2DMode":false,"pivot":{"x":-0.3753747344017029,"y":-0.11948826909065247,"z":-0.7494417428970337},"rotation":{"x":0.03074468858540058,"y":-0.9540501832962036,"z":0.2788929343223572,"w":0.10517527908086777},"size":6.51891565322876,"orthographic":false}