{"cameraMode":{"drawMode":0,"name":"Shaded","section":"Shading Mode"},"sceneLighting":false,"audioPlay":false,"sceneViewState":{"showFog":true,"showMaterialUpdate":false,"showSkybox":true,"showFlares":true,"showImageEffects":true,"showParticleSystems":true},"in2DMode":false,"pivot":{"x":-10.129486083984375,"y":5.782260417938232,"z":6.741592884063721},"rotation":{"x":-0.4087536334991455,"y":0.1118009015917778,"z":-0.050531864166259769,"w":-0.9043603539466858},"size":10.427696228027344,"orthographic":false}