{"cameraMode":{"drawMode":0,"name":"Shaded","section":"Shading Mode"},"sceneLighting":false,"audioPlay":false,"sceneViewState":{"showFog":true,"showMaterialUpdate":false,"showSkybox":true,"showFlares":true,"showImageEffects":true,"showParticleSystems":true},"in2DMode":false,"pivot":{"x":-0.014511585235595703,"y":1.1323776245117188,"z":-21.0},"rotation":{"x":-0.6492599248886108,"y":0.043277591466903689,"z":-0.03704807534813881,"w":-0.7584300637245178},"size":35.81785583496094,"orthographic":false}