{"cameraMode":{"drawMode":0,"name":"Shaded","section":"Shading Mode"},"sceneLighting":false,"audioPlay":false,"sceneViewState":{"showFog":true,"showMaterialUpdate":false,"showSkybox":true,"showFlares":true,"showImageEffects":true,"showParticleSystems":true},"in2DMode":false,"pivot":{"x":320.23284912109377,"y":195.0,"z":-4.707034111022949},"rotation":{"x":-0.3662525713443756,"y":0.009770351462066174,"z":-0.003845845116302371,"w":-0.9304562211036682},"size":1237.57861328125,"orthographic":false}