{"cameraMode":{"drawMode":0,"name":"Shaded","section":"Shading Mode"},"sceneLighting":false,"audioPlay":false,"sceneViewState":{"showFog":true,"showMaterialUpdate":false,"showSkybox":true,"showFlares":true,"showImageEffects":true,"showParticleSystems":true},"in2DMode":false,"pivot":{"x":-5.791376113891602,"y":-2.1954715251922609,"z":1.2418848276138306},"rotation":{"x":0.44652464985847475,"y":0.06966819614171982,"z":-0.034899987280368808,"w":0.8913720846176148},"size":24.454891204833986,"orthographic":false}