{"cameraMode":{"drawMode":0,"name":"Shaded","section":"Shading Mode"},"sceneLighting":false,"audioPlay":false,"sceneViewState":{"showFog":true,"showMaterialUpdate":false,"showSkybox":true,"showFlares":true,"showImageEffects":true,"showParticleSystems":true},"in2DMode":false,"pivot":{"x":2.9797534942626955,"y":1.4598288536071778,"z":-2.930009603500366},"rotation":{"x":0.3291224539279938,"y":0.011331112124025822,"z":-0.003949660807847977,"w":0.9442110657691956},"size":28.907947540283204,"orthographic":false}