{"cameraMode":{"drawMode":0,"name":"Shaded","section":"Shading Mode"},"sceneLighting":false,"audioPlay":false,"sceneViewState":{"showFog":true,"showMaterialUpdate":false,"showSkybox":true,"showFlares":true,"showImageEffects":true,"showParticleSystems":true},"in2DMode":false,"pivot":{"x":-0.15099677443504334,"y":0.9459177255630493,"z":3.115434408187866},"rotation":{"x":-0.07400524616241455,"y":-0.025426460430026056,"z":-0.0018869164632633329,"w":0.9969319105148315},"size":5.012460708618164,"orthographic":false}