{"cameraMode":{"drawMode":0,"name":"Shaded","section":"Shading Mode"},"sceneLighting":false,"audioPlay":false,"sceneViewState":{"showFog":true,"showMaterialUpdate":false,"showSkybox":true,"showFlares":true,"showImageEffects":true,"showParticleSystems":true},"in2DMode":false,"pivot":{"x":15.882489204406739,"y":-8.787001609802246,"z":-1.0139656066894532},"rotation":{"x":-0.5540545582771301,"y":0.06849793344736099,"z":-0.045813608914613727,"w":-0.8283916115760803},"size":61.7230224609375,"orthographic":false}