{"cameraMode":{"drawMode":0,"name":"Shaded","section":"Shading Mode"},"sceneLighting":false,"audioPlay":false,"sceneViewState":{"showFog":true,"showMaterialUpdate":false,"showSkybox":true,"showFlares":true,"showImageEffects":true,"showParticleSystems":true},"in2DMode":false,"pivot":{"x":6.067110538482666,"y":-10.781950950622559,"z":2.0705301761627199},"rotation":{"x":0.44652464985847475,"y":0.06966819614171982,"z":-0.034899987280368808,"w":0.8913720846176148},"size":32.22261428833008,"orthographic":false}