{"cameraMode":{"drawMode":0,"name":"Shaded","section":"Shading Mode"},"sceneLighting":false,"audioPlay":false,"sceneViewState":{"showFog":true,"showMaterialUpdate":false,"showSkybox":true,"showFlares":true,"showImageEffects":true,"showParticleSystems":true},"in2DMode":false,"pivot":{"x":-1.5878944396972657,"y":1.1323776245117188,"z":-16.814224243164064},"rotation":{"x":0.2761707305908203,"y":-0.024503370746970178,"z":0.007044218480587006,"w":0.9607704281806946},"size":35.98447036743164,"orthographic":false}