{"cameraMode":{"drawMode":0,"name":"Shaded","section":"Shading Mode"},"sceneLighting":false,"audioPlay":false,"sceneViewState":{"showFog":true,"showMaterialUpdate":false,"showSkybox":true,"showFlares":true,"showImageEffects":true,"showParticleSystems":true},"in2DMode":false,"pivot":{"x":0.6112569570541382,"y":0.3964310884475708,"z":0.5291051268577576},"rotation":{"x":0.069678395986557,"y":0.43231675028800967,"z":-0.03352911397814751,"w":0.8984002470970154},"size":1.210205078125,"orthographic":false}