{"cameraMode":{"drawMode":0,"name":"Shaded","section":"Shading Mode"},"sceneLighting":false,"audioPlay":false,"sceneViewState":{"showFog":true,"showMaterialUpdate":false,"showSkybox":true,"showFlares":true,"showImageEffects":true,"showParticleSystems":true},"in2DMode":false,"pivot":{"x":0.0000152587890625,"y":0.7568511962890625,"z":-0.00002288818359375},"rotation":{"x":-0.5540545582771301,"y":0.06849793344736099,"z":-0.045813608914613727,"w":-0.8283916115760803},"size":152.27259826660157,"orthographic":false}