{"cameraMode":{"drawMode":0,"name":"Shaded","section":"Shading Mode"},"sceneLighting":false,"audioPlay":false,"sceneViewState":{"showFog":true,"showMaterialUpdate":false,"showSkybox":true,"showFlares":true,"showImageEffects":true,"showParticleSystems":true},"in2DMode":false,"pivot":{"x":-0.000011444091796875,"y":0.06013774871826172,"z":-0.0000171661376953125},"rotation":{"x":-0.3662525713443756,"y":0.009770351462066174,"z":-0.003845845116302371,"w":-0.9304562211036682},"size":113.84912872314453,"orthographic":false}