{"cameraMode":{"drawMode":0,"name":"Shaded","section":"Shading Mode"},"sceneLighting":false,"audioPlay":false,"sceneViewState":{"showFog":true,"showMaterialUpdate":false,"showSkybox":true,"showFlares":true,"showImageEffects":true,"showParticleSystems":true},"in2DMode":false,"pivot":{"x":1.3388547897338868,"y":26.281307220458986,"z":-41.88467025756836},"rotation":{"x":-0.5540545582771301,"y":0.06849793344736099,"z":-0.045813608914613727,"w":-0.8283916115760803},"size":4.666904449462891,"orthographic":false}