{"cameraMode":{"drawMode":0,"name":"Shaded","section":"Shading Mode"},"sceneLighting":false,"audioPlay":false,"sceneViewState":{"showFog":true,"showMaterialUpdate":false,"showSkybox":true,"showFlares":true,"showImageEffects":true,"showParticleSystems":true},"in2DMode":false,"pivot":{"x":21.814224243164064,"y":-6.481531143188477,"z":-0.47811567783355715},"rotation":{"x":-0.30085137486457827,"y":0.6760402917861939,"z":-0.35660603642463686,"w":-0.5703421235084534},"size":6.461465358734131,"orthographic":false}